{"stats":{"minecraft:dropped":{"minecraft:repeating_command_block":4},"minecraft:custom":{"minecraft:time_since_rest":1033920,"minecraft:crouch_one_cm":2288,"minecraft:sprint_one_cm":87395,"minecraft:play_time":1033920,"minecraft:damage_taken":10,"minecraft:walk_one_cm":349474,"minecraft:sneak_time":5246,"minecraft:drop":4,"minecraft:jump":415,"minecraft:leave_game":17,"minecraft:time_since_death":1033920,"minecraft:total_world_time":1083178,"minecraft:fall_one_cm":602,"minecraft:fly_one_cm":3924427},"minecraft:picked_up":{"minecraft:repeating_command_block":4,"minecraft:porkchop":2},"minecraft:used":{"minecraft:dirt_path":4,"minecraft:stripped_jungle_log":4,"minecraft:red_wool":135,"minecraft:grass_block":1,"minecraft:lime_wool":11,"minecraft:light_blue_wool":35,"minecraft:barrier":234,"minecraft:green_wool":1,"minecraft:repeating_command_block":2,"minecraft:stone":33}},"DataVersion":3953}