{"stats":{"minecraft:custom":{"minecraft:time_since_rest":1431623,"minecraft:crouch_one_cm":6689,"minecraft:sprint_one_cm":242571,"minecraft:play_time":1431623,"minecraft:damage_taken":10,"minecraft:walk_one_cm":540267,"minecraft:sneak_time":9044,"minecraft:drop":4,"minecraft:jump":1993,"minecraft:leave_game":34,"minecraft:time_since_death":1431623,"minecraft:total_world_time":1501104,"minecraft:fall_one_cm":602,"minecraft:fly_one_cm":5987269},"minecraft:picked_up":{"minecraft:repeating_command_block":4,"minecraft:porkchop":2},"minecraft:dropped":{"minecraft:repeating_command_block":4},"minecraft:used":{"minecraft:light":4,"minecraft:dirt_path":4,"minecraft:stripped_jungle_log":4,"minecraft:red_wool":135,"minecraft:grass_block":1,"minecraft:stripped_oak_wood":7,"minecraft:lime_wool":11,"minecraft:light_blue_wool":35,"minecraft:barrier":234,"minecraft:green_wool":1,"minecraft:repeating_command_block":2,"minecraft:stone":33}},"DataVersion":3953}